path,icm_role,proposed_action,target,candidate_referrers,reason,sha256
.gitignore,factory,Keep,.gitignore,,"Source, test, asset, or build input",44c92e3a70ad3307b7056871c2bdb096d8bfa9373f5bf06a79bb6324a20ff2fb
Cargo.lock,factory,Keep,Cargo.lock,,"Source, test, asset, or build input",dfdc9ce6a573707f3fb8970380ddde9fad0e80e985454ca7e3ac1ae1be4d2220
Cargo.toml,factory,Keep,Cargo.toml,docs/plans/winamp-skins.md,"Source, test, asset, or build input",89682f8e1e3bd45fb5119826a84e869d28682d1db23619eda74bf38fdfa56c0f
LICENSE,factory,Keep,LICENSE,README.md,"Source, test, asset, or build input",3972dc9744f6499f0f9b2dbf76696f2ae7ad8af9b23dde66d6af86c9dfb36986
README.md,catalog,Keep,README.md,,Keep user guide. Route developer tasks from new entry files.,78fe71b0ed715c2775c29fcba3cef5bf99a071ee87f7529446c50c07ce7991fd
THIRD_PARTY.md,factory,Keep,THIRD_PARTY.md,docs/plans/winamp-skins.md,"Source, test, asset, or build input",85c0e835c9f06c2dbfd89c835b435c82efd3bf045dfd16757a597b2ccae33e6a
assets/fonts/InterVariable.ttf,factory,Keep,assets/fonts/InterVariable.ttf,THIRD_PARTY.md | src/ui/winamp/pixel_text.rs,"Source, test, asset, or build input",4989b125924991b90d05b2d16e0e388c48f7d5bb8b30539bbf9c755278d0ccaf
assets/fonts/NotoSansJP-OFL.txt,factory,Keep,assets/fonts/NotoSansJP-OFL.txt,THIRD_PARTY.md,"Source, test, asset, or build input",1c05c68c34f9708415aada51f17e1b0092d2cea709bf4a94cd38114f9e73d7d9
assets/fonts/NotoSansJP.ttf,factory,Keep,assets/fonts/NotoSansJP.ttf,THIRD_PARTY.md | src/fonts.rs,"Source, test, asset, or build input",c2f3b4d463500a2ddcd3849cded1fceeb9fd6d1c32e6cbecd568453ba50fc68f
assets/fonts/OFL.txt,factory,Keep,assets/fonts/OFL.txt,THIRD_PARTY.md,"Source, test, asset, or build input",262481e844521b326f5ecd053e59b98c8b2da78c8ee1bdbb6e8174305e54935a
assets/skins/builtin.wsz,factory,Keep,assets/skins/builtin.wsz,THIRD_PARTY.md | examples/default_skin.rs | src/skin/mod.rs,"Source, test, asset, or build input",a6c44fcabd5ca0678c8fc748e391fac5008768fbdb4e0f73d87538982b32b727
docs/audit/2026-09-08-discovery-home.md,product,Keep,docs/audit/2026-09-08-discovery-home.md,,"Historical verification evidence. Keep linked evidence, index once.",1216c73961eaa062463fab0e52add5812c839a6444b3bf2dc5f4a2702e2255ae
docs/audit/2026-09-08-equalizer.md,product,Keep,docs/audit/2026-09-08-equalizer.md,,"Historical verification evidence. Keep linked evidence, index once.",f29372d39516726a3861e8e478687ba9b47fbd0d81c702cb1d75fd90b234dea0
docs/audit/2026-09-08-fixes.md,product,Keep,docs/audit/2026-09-08-fixes.md,,"Historical verification evidence. Keep linked evidence, index once.",012e723f39f19f49290d3a0dd2e7da4ae35ea4b87d1dffdb722a29dddd8d9966
docs/audit/2026-09-08-home-redesign.md,product,Keep,docs/audit/2026-09-08-home-redesign.md,,"Historical verification evidence. Keep linked evidence, index once.",217e6e30af6e872e5a12def3ed1fdbb8fd0acb1ac49e3403a998987d880225c7
docs/audit/2026-09-08-legacy-skins.md,product,Keep,docs/audit/2026-09-08-legacy-skins.md,,"Historical verification evidence. Keep linked evidence, index once.",d630d9bfb2442242ed77aad9f92db7d320f439b04500c878566aced4a5d6ed6b
docs/audit/2026-09-08-oauth-history.md,product,Keep,docs/audit/2026-09-08-oauth-history.md,,"Historical verification evidence. Keep linked evidence, index once.",54701d742fb99161ce09ec800bd421bb069b291871c5d44cc00594ec6f5b6039
docs/audit/2026-09-08-roadmap.md,product,Keep,docs/audit/2026-09-08-roadmap.md,,"Historical verification evidence. Keep linked evidence, index once.",c62182d786131ed1488dcd4b37379276a84f52daf8c8bfaf9d130b6751763e79
docs/audit/2026-09-08-synced-lyrics.md,product,Keep,docs/audit/2026-09-08-synced-lyrics.md,,"Historical verification evidence. Keep linked evidence, index once.",d0559736bb2f32f1fa8291773b5c2045cb2a5dabcf957993aec53b2332934159
docs/audit/2026-09-08.md,product,Keep,docs/audit/2026-09-08.md,,"Historical verification evidence. Keep linked evidence, index once.",caf1bba38d4346a8531248d3fbd3c7686138db2f93fa3c5b2d559b9f485de5e2
docs/audit/2026-09-09-discovery-now-playing.md,product,Keep,docs/audit/2026-09-09-discovery-now-playing.md,,"Historical verification evidence. Keep linked evidence, index once.",4dcf6736a8820ac376b86989fe83a904c765123d26261c8d0052a17814121988
docs/audit/2026-09-09-hover-layout.md,product,Keep,docs/audit/2026-09-09-hover-layout.md,,"Historical verification evidence. Keep linked evidence, index once.",44cefa8c883bb32ff96b30148f2922dd6d9b31509fab3539c3474cee307223cc
docs/audit/2026-09-09-recovery-consistency.md,product,Keep,docs/audit/2026-09-09-recovery-consistency.md,,"Historical verification evidence. Keep linked evidence, index once.",fcc4bb9f7797bd430100d93bffa2fb6cdda2960383682a03cd55284dcf85658f
docs/audit/evidence/balance-shaded-aqua.png,product,Keep,docs/audit/evidence/balance-shaded-aqua.png,,"Historical verification evidence. Keep linked evidence, index once.",141071764016183020160b7aa394fdf8653aa9d9bc6c8e26afad065ead3884dc
docs/audit/evidence/eq-actual-range-aqua.png,product,Keep,docs/audit/evidence/eq-actual-range-aqua.png,,"Historical verification evidence. Keep linked evidence, index once.",3a24f9eb8c20d65c58bb0365fd50e39d5365059b44bb5de12bad5002da8b2e27
docs/audit/evidence/eq-final.png,product,Keep,docs/audit/evidence/eq-final.png,,"Historical verification evidence. Keep linked evidence, index once.",78a9649a81d571b2f6cf35f0a5a0ff6859a013cf6cde17f85313befb3f32702c
docs/audit/evidence/eq-native-smoke.txt,product,Keep,docs/audit/evidence/eq-native-smoke.txt,,"Historical verification evidence. Keep linked evidence, index once.",d8cb620dcde35a78d7f8c4ee55c4e140a0df6d3489620a78074f8203a17a6d73
docs/audit/evidence/eq-panel.png,product,Keep,docs/audit/evidence/eq-panel.png,,"Historical verification evidence. Keep linked evidence, index once.",4130a37f47cd52e053c03e7bb822e5153304a07deaca516aeb89a6590fe09e3c
docs/audit/evidence/eq-playing-preset.png,product,Keep,docs/audit/evidence/eq-playing-preset.png,,"Historical verification evidence. Keep linked evidence, index once.",977607247b69675f3781f042ae1d9f0aab38c91465bb9936aeda8e909fc45203
docs/audit/evidence/eq-restored-presets.png,product,Keep,docs/audit/evidence/eq-restored-presets.png,,"Historical verification evidence. Keep linked evidence, index once.",27c1f37d4624f6417399b8f3f78d701e30297614cee5e52dad5999e381f88dcd
docs/audit/evidence/eq-restored.png,product,Keep,docs/audit/evidence/eq-restored.png,,"Historical verification evidence. Keep linked evidence, index once.",0dba50ee1e5cf0529c92d74ae3ff602183ec9ceaf0ebb5e61f3622d12d2c4b73
docs/audit/evidence/eq-shade-playlist.png,product,Keep,docs/audit/evidence/eq-shade-playlist.png,,"Historical verification evidence. Keep linked evidence, index once.",5a451bd2b79b3407c88becc9942ecea8e143c2b7552a1a8786113eb1b0e06da8
docs/audit/evidence/fixed-artist-menu.png,product,Keep,docs/audit/evidence/fixed-artist-menu.png,,"Historical verification evidence. Keep linked evidence, index once.",e65a1defd7d7dd6a0150658d788181cd605cb2d0b3eb61dadf58d7669fead84c
docs/audit/evidence/fixed-create-dialog.png,product,Keep,docs/audit/evidence/fixed-create-dialog.png,,"Historical verification evidence. Keep linked evidence, index once.",21c36ac9ce488f99dac9090d5178a4e3707a6e097eb7ebec946ecc887433a9a1
docs/audit/evidence/fixed-minimum-window.png,product,Keep,docs/audit/evidence/fixed-minimum-window.png,,"Historical verification evidence. Keep linked evidence, index once.",4fcbbd9379879a7107ba07e3cab70dfefeadb239cf2dc028771a9496beb2fa62
docs/audit/evidence/fixed-probe-results.txt,product,Keep,docs/audit/evidence/fixed-probe-results.txt,,"Historical verification evidence. Keep linked evidence, index once.",8036f5f2fe519cde810ab203fc7896669bfb6e51a38d26a6d27c1facbe49135c
docs/audit/evidence/fixed-search-playlist.png,product,Keep,docs/audit/evidence/fixed-search-playlist.png,,"Historical verification evidence. Keep linked evidence, index once.",7b5027d739bf6ab2ec481c4c09f46875da070f0738808bd820e19088e992811d
docs/audit/evidence/fixed-submenu-bottom.png,product,Keep,docs/audit/evidence/fixed-submenu-bottom.png,,"Historical verification evidence. Keep linked evidence, index once.",ff6e197ebe03bae1f2bd86700d846f259e100e7c9f8ec8b5cf3e24cfc52e65cd
docs/audit/evidence/fixed-title-alignment.png,product,Keep,docs/audit/evidence/fixed-title-alignment.png,,"Historical verification evidence. Keep linked evidence, index once.",14abf707415c97abb17e975fa1e94d5808948161efe202dd6384ba0407066dd0
docs/audit/evidence/legacy-AmigaPPC-dark.png,product,Keep,docs/audit/evidence/legacy-AmigaPPC-dark.png,,"Historical verification evidence. Keep linked evidence, index once.",a3b745fa360385bb037fb6b4bf5d17313df423261b69a1fdbd9b3aa58ea35b44
docs/audit/evidence/legacy-AmigaPPC-dark.txt,product,Keep,docs/audit/evidence/legacy-AmigaPPC-dark.txt,,"Historical verification evidence. Keep linked evidence, index once.",45eaf16b28ea220f5138706fd658a0d8f5e1ec76bf4841c4dba9ea110f350258
docs/audit/evidence/legacy-Green-Dimension-V2.png,product,Keep,docs/audit/evidence/legacy-Green-Dimension-V2.png,,"Historical verification evidence. Keep linked evidence, index once.",ae3ad4e0036964f3aa56e7754248340fa8b8d84241f87d81a0b3983aff220377
docs/audit/evidence/legacy-Green-Dimension-V2.txt,product,Keep,docs/audit/evidence/legacy-Green-Dimension-V2.txt,,"Historical verification evidence. Keep linked evidence, index once.",b8dafe154de31c8e13875a84f4e60d2c1158e3df7d21d8262bf1f0ec1c3fc9ed
docs/audit/evidence/legacy-MacOSXAqua1-5.png,product,Keep,docs/audit/evidence/legacy-MacOSXAqua1-5.png,,"Historical verification evidence. Keep linked evidence, index once.",1952fc65741c81ffdb42d04243b5780d07ee4731de75aa1026b27b4412b8c11c
docs/audit/evidence/legacy-MacOSXAqua1-5.txt,product,Keep,docs/audit/evidence/legacy-MacOSXAqua1-5.txt,,"Historical verification evidence. Keep linked evidence, index once.",d4184f72a13a91d447091e003b0d972d5648d05d6ab6017843d6885980b31070
docs/audit/evidence/legacy-TopazAmp1-2.png,product,Keep,docs/audit/evidence/legacy-TopazAmp1-2.png,,"Historical verification evidence. Keep linked evidence, index once.",77c3b3d7e4b38dfbf010c0a54ae9c51c77d43288b1caef54b45b144eb9cbfea1
docs/audit/evidence/legacy-TopazAmp1-2.txt,product,Keep,docs/audit/evidence/legacy-TopazAmp1-2.txt,,"Historical verification evidence. Keep linked evidence, index once.",4e7feb096a0786fa27dbd8b35d899fc376c021ced6c52f3d8a5755ef9a0c7148
docs/audit/evidence/legacy-ZaxonRemake1-0.png,product,Keep,docs/audit/evidence/legacy-ZaxonRemake1-0.png,,"Historical verification evidence. Keep linked evidence, index once.",2c52a24518ff22bc2793e6ab3cec9bd53214601fa2af06e1c48f4095f343e501
docs/audit/evidence/legacy-ZaxonRemake1-0.txt,product,Keep,docs/audit/evidence/legacy-ZaxonRemake1-0.txt,,"Historical verification evidence. Keep linked evidence, index once.",41f48811c3e09d0bae44d99f96d2682d256372b07cd163676c7ae3234c40cf64
docs/audit/evidence/legacy-amiga-original-main.png,product,Keep,docs/audit/evidence/legacy-amiga-original-main.png,,"Historical verification evidence. Keep linked evidence, index once.",de79d998c10480745e4a33bad7083c24eab407d9685c930e6d277aed8a5fbcce
docs/audit/evidence/legacy-base-2.91.png,product,Keep,docs/audit/evidence/legacy-base-2.91.png,,"Historical verification evidence. Keep linked evidence, index once.",306cf460db875b7aed801b793212f6bd4f3725a007d17fc9e268ec2bf62ebbf9
docs/audit/evidence/legacy-base-2.91.txt,product,Keep,docs/audit/evidence/legacy-base-2.91.txt,,"Historical verification evidence. Keep linked evidence, index once.",6ecf5478590529a0a7cac22327e5576a6d21577920824adf7bca603142084cdc
docs/audit/evidence/legacy-skin-sha256.txt,product,Keep,docs/audit/evidence/legacy-skin-sha256.txt,,"Historical verification evidence. Keep linked evidence, index once.",35cc2b3b22db904b83a779bd6ad20de524734a33baacaecfcd6f8bb3f91a74a9
docs/audit/evidence/lyrics-availability.txt,product,Keep,docs/audit/evidence/lyrics-availability.txt,,"Historical verification evidence. Keep linked evidence, index once.",46dcc34e0cc7aa8d51ccb2b15c92021b02bda25f1439403e5dc46c2e7fea5974
docs/audit/evidence/menubar-main.txt,product,Keep,docs/audit/evidence/menubar-main.txt,,"Historical verification evidence. Keep linked evidence, index once.",46d82f49313201272b65bd92ed312e907b5b5f9b9b23bb5bca155c5793d2bfcb
docs/audit/evidence/menubar-winamp.txt,product,Keep,docs/audit/evidence/menubar-winamp.txt,,"Historical verification evidence. Keep linked evidence, index once.",46d82f49313201272b65bd92ed312e907b5b5f9b9b23bb5bca155c5793d2bfcb
docs/audit/evidence/minimum-window.png,product,Keep,docs/audit/evidence/minimum-window.png,,"Historical verification evidence. Keep linked evidence, index once.",45027977def481407a777ecf9529ae9bfae5e2218f01c5959e1e2ebd784f8584
docs/audit/evidence/playlist-submenu.png,product,Keep,docs/audit/evidence/playlist-submenu.png,,"Historical verification evidence. Keep linked evidence, index once.",6ac175261ee9f3bdfa1e8f42a97009871220cc41989588ac224e4e03aa3afc75
docs/audit/evidence/probe-results.txt,product,Keep,docs/audit/evidence/probe-results.txt,,"Historical verification evidence. Keep linked evidence, index once.",c60e55546412beff4c75b50bea0f77d4430e31d7def11343cfe34103f4a3442a
docs/audit/evidence/queue-main-delete.png,product,Keep,docs/audit/evidence/queue-main-delete.png,,"Historical verification evidence. Keep linked evidence, index once.",75a0c9353594271172e65ac4d3af04cea81ec09813667fbee8f70d1b364e4001
docs/audit/evidence/queue-main-drag-menu.png,product,Keep,docs/audit/evidence/queue-main-drag-menu.png,,"Historical verification evidence. Keep linked evidence, index once.",d14892aefbee7623019193751390adf42f259f2373e8aafb590a9ec5125bf2e4
docs/audit/evidence/queue-main-range.png,product,Keep,docs/audit/evidence/queue-main-range.png,,"Historical verification evidence. Keep linked evidence, index once.",ff88f6ca181c02d9efda48b56751aa71ba3abb917addb6093f11e1f35b082437
docs/audit/evidence/queue-skins.txt,product,Keep,docs/audit/evidence/queue-skins.txt,,"Historical verification evidence. Keep linked evidence, index once.",bddf30dbd3dab748e0f844f50576e02105058c36a902abdadd5d0d65cd73ad19
docs/audit/evidence/queue-winamp-drag-menu.png,product,Keep,docs/audit/evidence/queue-winamp-drag-menu.png,,"Historical verification evidence. Keep linked evidence, index once.",5562b8e1571278102ca3f5d44384efa1858e86e5ca6376b26410e8b53114becb
docs/audit/evidence/region-green.png,product,Keep,docs/audit/evidence/region-green.png,,"Historical verification evidence. Keep linked evidence, index once.",64cf93ca59898791a3bde2092abcf9ba081b1d3e9677ae7ef870527c132c8dd2
docs/audit/evidence/roadmap-skins.txt,product,Keep,docs/audit/evidence/roadmap-skins.txt,,"Historical verification evidence. Keep linked evidence, index once.",270604eab75af2c15d7941c20d7836cc5f863a47640b57186bd04922e527feab
docs/audit/evidence/skin-compat-probe.txt,product,Keep,docs/audit/evidence/skin-compat-probe.txt,,"Historical verification evidence. Keep linked evidence, index once.",6097206a21c893c06466375301678ce4be0dc88212fdb21aa328046beec258cb
docs/audit/evidence/skin-followup-native-smoke.txt,product,Keep,docs/audit/evidence/skin-followup-native-smoke.txt,,"Historical verification evidence. Keep linked evidence, index once.",d8cb620dcde35a78d7f8c4ee55c4e140a0df6d3489620a78074f8203a17a6d73
docs/audit/evidence/transition-measure.txt,product,Keep,docs/audit/evidence/transition-measure.txt,,"Historical verification evidence. Keep linked evidence, index once.",99c5191a179d9b67ce9e9116fbc718afbf646831838a647f517f7c7363bb0582
docs/audit/evidence/transitions-native.txt,product,Keep,docs/audit/evidence/transitions-native.txt,,"Historical verification evidence. Keep linked evidence, index once.",95bda07cf94bc94cb9c44f43ec3d2db5179bf53e59792d38216a677b939da54f
docs/audit/evidence/transitions-next.png,product,Keep,docs/audit/evidence/transitions-next.png,,"Historical verification evidence. Keep linked evidence, index once.",261f89b395800f02eea8b3d8669757fd1cb4af91855840271ebead9ce6b60bc3
docs/audit/evidence/winamp-crash.txt,product,Keep,docs/audit/evidence/winamp-crash.txt,,"Historical verification evidence. Keep linked evidence, index once.",f38764170960527f9eb8519d5271f897f0eae1ec7f19bd9b96d50f7c02a5737c
docs/audit/evidence/winamp-keyboard.png,product,Keep,docs/audit/evidence/winamp-keyboard.png,,"Historical verification evidence. Keep linked evidence, index once.",579ffeba172c9ac1c1bf54a02f3c0d96e39c163e38a670633d121240f24e08af
docs/implementation-queue.md,contract,Consolidate after link check,docs/implementation-queue.md,,Separate current contracts from completed plans. Preserve historical references.,7c79fdee23bb7e6ca33cc727a1964ef25dd1a88e6f23b40f1e18f35b566dce68
docs/plans/browse-and-autoplay.md,contract,Consolidate after link check,docs/plans/browse-and-autoplay.md,,Separate current contracts from completed plans. Preserve historical references.,0082c63191124519be3bf951829def914b39a50eb0bedb0c014aa7acce1f7a21
docs/plans/library-actions.md,contract,Consolidate after link check,docs/plans/library-actions.md,,Separate current contracts from completed plans. Preserve historical references.,6542e597c62b0f9583ba5d317d7a2a3cff661ad804dc683e1298a9dfdf25254a
docs/plans/streaming-start.md,contract,Consolidate after link check,docs/plans/streaming-start.md,,Separate current contracts from completed plans. Preserve historical references.,6cfbdae1b18ab0d31cdc0d00fbbf1823db35a75a46e20d3211ea86c4a6ebe8a3
docs/plans/winamp-skins.md,contract,Consolidate after link check,docs/plans/winamp-skins.md,,Separate current contracts from completed plans. Preserve historical references.,c504cb742292a5bcdeaa8867dc29e928ca59bd113ae64e1f787f46da6e03e87f
examples/audit_probe.rs,factory,Keep pending probe consolidation,examples/audit_probe.rs,docs/audit/2026-09-08.md,Cargo auto-discovers this executable. Keep command compatibility until all callers are known.,5751f590e77e511737971586a529aaf9c206717f70f78445394148f9331338d1
examples/auth_probe.rs,factory,Keep pending probe consolidation,examples/auth_probe.rs,,Cargo auto-discovers this executable. Keep command compatibility until all callers are known.,344a04844ba3aa9591a9d794bfbad28ed56a3c74246b2f8ee2192fefab80371c
examples/browse_probe.rs,factory,Keep pending probe consolidation,examples/browse_probe.rs,docs/plans/browse-and-autoplay.md,Cargo auto-discovers this executable. Keep command compatibility until all callers are known.,944a041434c96b81f6342810002d722acd933114c7bea9496461017acb0c1e87
examples/chain_probe.rs,factory,Keep pending probe consolidation,examples/chain_probe.rs,,Cargo auto-discovers this executable. Keep command compatibility until all callers are known.,402f35781cc7ff12a317bf4d377866e0e600c22532d26749c38374e6cb299855
examples/cover_probe.rs,factory,Keep pending probe consolidation,examples/cover_probe.rs,,Cargo auto-discovers this executable. Keep command compatibility until all callers are known.,b8825cefc599395895f85ae99bdb97a0ee9b1b4d1bfe1d21cd5ac6ccb0ceeaca
examples/default_skin.rs,factory,Keep pending probe consolidation,examples/default_skin.rs,THIRD_PARTY.md | docs/plans/winamp-skins.md | src/skin/mod.rs,Cargo auto-discovers this executable. Keep command compatibility until all callers are known.,8efaf8186d870bc2b41653435cdea47a12a709f7bfec316307a3ddd9e08a8a0b
examples/discovery_integration_probe.rs,factory,Keep pending probe consolidation,examples/discovery_integration_probe.rs,,Cargo auto-discovers this executable. Keep command compatibility until all callers are known.,0933f5b3006330c2527ad727783f4db27f52f031245bc1af8f142aa30f5d3090
examples/discovery_preview.rs,factory,Keep pending probe consolidation,examples/discovery_preview.rs,,Cargo auto-discovers this executable. Keep command compatibility until all callers are known.,42d5b9dba103119bb445c9447596aea9ed2b3b82367630e29ab3bc55f8018c29
examples/library_dump.rs,factory,Keep pending probe consolidation,examples/library_dump.rs,,Cargo auto-discovers this executable. Keep command compatibility until all callers are known.,50133b833cabc3bb4660ac70c3d99804666bbf695175ff63437da155db3e0676
examples/lyrics_probe.rs,factory,Keep pending probe consolidation,examples/lyrics_probe.rs,,Cargo auto-discovers this executable. Keep command compatibility until all callers are known.,0774f0ff155416c944aa1b3a5ba1f9cdaf98ee3aa01ecf3e5fb91f0fccbcd006
examples/oauth_discovery_probe.rs,factory,Keep pending probe consolidation,examples/oauth_discovery_probe.rs,,Cargo auto-discovers this executable. Keep command compatibility until all callers are known.,8dfe9535f17055f7de4f52f662dae5d0f68b034814052fa741f1a1c2a4617d02
examples/oauth_history_probe.rs,factory,Keep pending probe consolidation,examples/oauth_history_probe.rs,,Cargo auto-discovers this executable. Keep command compatibility until all callers are known.,fddd1c9be8d3cb4bfb0ec3c06d316b5b372a2b86d3fb1e6b370542c3063d7873
examples/oauth_probe.rs,factory,Keep pending probe consolidation,examples/oauth_probe.rs,,Cargo auto-discovers this executable. Keep command compatibility until all callers are known.,4936a60fda464d73fd373b296530732219a3c5cfc6401fc475553da266b65dc5
examples/search_dump.rs,factory,Keep pending probe consolidation,examples/search_dump.rs,,Cargo auto-discovers this executable. Keep command compatibility until all callers are known.,f7f5d967a22a13d3a320eb8c3ee5b1715c2dc797acd6185e94b3c7feedd8fcdf
examples/skin_compat_probe.rs,factory,Keep pending probe consolidation,examples/skin_compat_probe.rs,docs/audit/2026-09-08-legacy-skins.md,Cargo auto-discovers this executable. Keep command compatibility until all callers are known.,98208f8a8240d7427e94d39cc4b37c6563ce21034a84e9a2f346435354617d7b
examples/skin_probe.rs,factory,Keep pending probe consolidation,examples/skin_probe.rs,,Cargo auto-discovers this executable. Keep command compatibility until all callers are known.,e93a683fdfec28e131b161d9855eff4c9075e2b9c362f62acfb2307731d20ee5
examples/stream_probe.rs,factory,Keep pending probe consolidation,examples/stream_probe.rs,docs/plans/streaming-start.md,Cargo auto-discovers this executable. Keep command compatibility until all callers are known.,5614b0c053d0155ac4372e320cd4a52f3015d5e16e711503aac59f43a3ec1177
examples/write_probe.rs,factory,Keep pending probe consolidation,examples/write_probe.rs,docs/plans/library-actions.md,Cargo auto-discovers this executable. Keep command compatibility until all callers are known.,f3cc0a69f9739615cf46a8c7a0b40117c0e08cada9f95db7dec958786e022d69
research/2026-09-08-youtube-discovery.md,factory,Keep,research/2026-09-08-youtube-discovery.md,,Reference research,9691a39b9cb7dcd9b9450edc9ef5fc9fb52717b249dcf275734df3939b9aa8eb
research/hp-lpg-escalation.md,product,Hold for owner archive choice,research/hp-lpg-escalation.md,,Unrelated personal document. Do not delete or relocate without explicit owner choice.,08a804a60188c583233196ac76c986b684b07bdf07b7746cddb2a6476a25b681
rustfmt.toml,factory,Keep,rustfmt.toml,,"Source, test, asset, or build input",7e1c845eb4c10735ee1060760592a18b47a53aaf45e63b7e0932c005b523a6ea
rustypipe_cache.json,product,"Redirect writer, snapshot, then untrack",OS cache / ytamp / rustypipe,,Live default writer uses current directory. Change writer first. Archive existing bytes outside repo before removal.,88798f45f624a00da0c1733dd99db18b8f8dc01c3b832a85fbf77c29d0643d93
rustypipe_reports/2026-09-01_14-12-10_ERR.json,product,"Redirect writer, snapshot, then untrack",OS cache / ytamp / rustypipe,,Live default writer uses current directory. Change writer first. Archive existing bytes outside repo before removal.,420c186ecb1620397ec4c04129a8a5b45af5921714667e2497b1d83eb1966d8f
scripts/smoke-menubar.swift,factory,Keep,scripts/smoke-menubar.swift,docs/audit/2026-09-08-roadmap.md,"Source, test, asset, or build input",386d0c88b6098e750a8542b1592310f5465d5c404bb0ccb99a365e3f5c70d74d
scripts/smoke-winamp.swift,factory,Keep,scripts/smoke-winamp.swift,README.md | docs/audit/2026-09-08-equalizer.md,"Source, test, asset, or build input",633fb9078effb0c1fe43e4b0f470bc9996cb9fbc29cc55d57e08b55e8704280d
src/api/convert.rs,factory,Keep,src/api/convert.rs,docs/plans/browse-and-autoplay.md | src/api/discovery.rs | src/api/history.rs | src/api/mod.rs | src/api/search_parse.rs,"Source, test, asset, or build input",814a8d232783a8bf5353fc096facf2892482eb0b74c6b10ef387799883248117
src/api/discovery.rs,factory,Split behind existing module API,"src/api/discovery/{mod,renderers,entries,tests}.rs",docs/audit/2026-09-08-discovery-home.md | examples/discovery_preview.rs | src/api/mod.rs | src/api/official.rs | src/core/action.rs | src/core/effect.rs | src/core/mod.rs | src/core/state.rs | src/core/update.rs | src/library_cache.rs | src/ui/home.rs | src/ui/mod.rs,Measured or adjacent responsibility boundary. Preserve Rust module path and imports.,0d371747e17ac2fa8ff5a4807cc99f3b5e20e1737863bf746a0a4c28412952c0
src/api/history.rs,factory,Keep,src/api/history.rs,src/api/mod.rs | src/api/official.rs,"Source, test, asset, or build input",c221271a49492a78b5b7e0b79cc2006e18f7a08ae7ddcfb96add494255d08f1d
src/api/lyrics.rs,factory,Keep,src/api/lyrics.rs,examples/lyrics_probe.rs | src/api/mod.rs | src/app.rs | src/core/action.rs | src/core/mod.rs | src/core/state.rs | src/core/update.rs | src/runtime.rs | src/ui/mod.rs | src/ui/now_playing.rs,"Source, test, asset, or build input",a8a4c3d8c7ea4c456f8df6ff2596de28e0385b0d7d60a4567cdb66658d7ea095
src/api/mod.rs,factory,Keep,src/api/mod.rs,examples/browse_probe.rs | examples/lyrics_probe.rs | examples/oauth_probe.rs | examples/skin_compat_probe.rs | examples/write_probe.rs | src/api/convert.rs | src/api/lyrics.rs | src/api/official.rs | src/api/search_parse.rs | src/core/action.rs | src/core/effect.rs | src/core/mod.rs | src/core/queue.rs | src/core/state.rs | src/core/update.rs | src/library_cache.rs | src/media_keys.rs | src/player/mod.rs | src/runtime.rs | src/stream/rustypipe.rs | src/ui/album.rs | src/ui/artist.rs | src/ui/home.rs | src/ui/library.rs | src/ui/player_bar.rs | src/ui/playlist.rs | src/ui/queue.rs | src/ui/rows.rs | src/ui/search.rs | src/ui/winamp/mod.rs | src/ui/winamp/playlist.rs,"Source, test, asset, or build input",0cf99c0f2c96fa28505876aeb4a06051b4866158b3f5acf366506ba9f15c4c6b
src/api/official.rs,factory,Split behind existing module API,"src/api/official/{mod,transport,library,collections,tests}.rs",src/api/mod.rs,Measured or adjacent responsibility boundary. Preserve Rust module path and imports.,df23c9c8828c6a8dd00dbb78ff96ac57ebc2afdf6f482e821934723ebdd52602
src/api/search_parse.rs,factory,Keep,src/api/search_parse.rs,src/api/mod.rs,"Source, test, asset, or build input",a3a01a95544b286ac8258887045faefc2559e3a76189827c674bf4d0ad236ca1
src/app.rs,factory,Keep,src/app.rs,docs/audit/2026-09-08.md | docs/plans/winamp-skins.md | src/core/update.rs | src/lib.rs | src/ui/components.rs | src/ui/home.rs | src/ui/player_bar.rs,"Source, test, asset, or build input",04f0df27243d8472385bd6a54a1cb0ece35ac0f4db35d1c248fc962eb9cbf9f2
src/auth.rs,factory,Keep,src/auth.rs,examples/auth_probe.rs | examples/browse_probe.rs | examples/cover_probe.rs | examples/discovery_integration_probe.rs | examples/oauth_discovery_probe.rs | examples/oauth_history_probe.rs | examples/oauth_probe.rs | examples/search_dump.rs | examples/write_probe.rs | src/api/mod.rs | src/api/official.rs | src/lib.rs | src/runtime.rs,"Source, test, asset, or build input",a8cfd7318f814936d92eafb35917fda269a8e4c1cd671b2317db6d86cb15c76b
src/core/action.rs,factory,Keep,src/core/action.rs,docs/audit/2026-09-08.md | src/app.rs | src/core/mod.rs | src/core/update.rs | src/main.rs | src/media_keys.rs | src/player/mod.rs | src/runtime.rs | src/ui/album.rs | src/ui/artist.rs | src/ui/library.rs | src/ui/mod.rs | src/ui/player_bar.rs | src/ui/playlist.rs | src/ui/queue.rs | src/ui/rows.rs | src/ui/search.rs | src/ui/winamp/mod.rs | src/ui/winamp/playlist.rs,"Source, test, asset, or build input",6b6cce6eef1dc5c1c58b891b0e9f7f8210183e64f05d14f279757f3aeed5ca6d
src/core/discovery.rs,factory,Keep,src/core/discovery.rs,examples/discovery_preview.rs | src/api/mod.rs | src/api/official.rs | src/core/action.rs | src/core/effect.rs | src/core/mod.rs | src/core/state.rs | src/core/update.rs | src/library_cache.rs | src/ui/home.rs | src/ui/mod.rs,"Source, test, asset, or build input",511d1949d44a50426ede1c030817ae2bb96f4955fc6b2b2a92223a022c87e5fe
src/core/effect.rs,factory,Keep,src/core/effect.rs,examples/oauth_history_probe.rs | src/api/mod.rs | src/auth.rs | src/core/action.rs | src/core/discovery.rs | src/core/mod.rs | src/core/update.rs | src/player/mod.rs | src/runtime.rs,"Source, test, asset, or build input",bcc5690ab3caf79720b4d46c54e4a95ebae60072b60bfcdcef579a0df8595a3d
src/core/equalizer.rs,factory,Keep,src/core/equalizer.rs,docs/audit/2026-09-08-equalizer.md | src/core/action.rs | src/core/effect.rs | src/core/mod.rs | src/core/session.rs | src/core/state.rs | src/player/equalizer.rs | src/player/mod.rs | src/ui/mod.rs | src/ui/now_playing.rs | src/ui/player_bar.rs | src/ui/winamp/equalizer.rs | src/ui/winamp/mod.rs,"Source, test, asset, or build input",c632410c57285a0e3f0ebe2e2efcb5842c484ab4dc9c69b989cbd5b52909b780
src/core/listening_history.rs,factory,Keep,src/core/listening_history.rs,src/api/mod.rs | src/api/official.rs | src/core/action.rs | src/core/mod.rs | src/core/state.rs | src/ui/mod.rs,"Source, test, asset, or build input",92830b39d8a5ca215cbb8154034532e19815bbb1bec9fe3c8ae3fd0ac614f947
src/core/lyrics.rs,factory,Keep,src/core/lyrics.rs,examples/lyrics_probe.rs | src/api/mod.rs | src/app.rs | src/core/action.rs | src/core/mod.rs | src/core/state.rs | src/core/update.rs | src/runtime.rs | src/ui/mod.rs | src/ui/now_playing.rs,"Source, test, asset, or build input",d5cae430f84d908248a2d623852dedf78f130fecf14de585b911a11789ce1aed
src/core/mod.rs,factory,Keep,src/core/mod.rs,examples/browse_probe.rs | examples/lyrics_probe.rs | examples/oauth_probe.rs | examples/skin_compat_probe.rs | examples/write_probe.rs | src/api/convert.rs | src/api/lyrics.rs | src/api/mod.rs | src/api/official.rs | src/api/search_parse.rs | src/core/action.rs | src/core/effect.rs | src/core/queue.rs | src/core/state.rs | src/core/update.rs | src/library_cache.rs | src/media_keys.rs | src/player/mod.rs | src/runtime.rs | src/stream/rustypipe.rs | src/ui/album.rs | src/ui/artist.rs | src/ui/home.rs | src/ui/library.rs | src/ui/player_bar.rs | src/ui/playlist.rs | src/ui/queue.rs | src/ui/rows.rs | src/ui/search.rs | src/ui/winamp/mod.rs | src/ui/winamp/playlist.rs,"Source, test, asset, or build input",300fd9198d5f46be2464fd3535885081551807de2fe50b73a29f7499e9eaa81f
src/core/model.rs,factory,Keep,src/core/model.rs,docs/plans/browse-and-autoplay.md | docs/plans/library-actions.md | examples/browse_probe.rs | examples/lyrics_probe.rs | examples/oauth_probe.rs | examples/skin_compat_probe.rs | examples/write_probe.rs | src/api/convert.rs | src/api/lyrics.rs | src/api/mod.rs | src/api/official.rs | src/api/search_parse.rs | src/core/action.rs | src/core/effect.rs | src/core/mod.rs | src/core/queue.rs | src/core/state.rs | src/core/update.rs | src/library_cache.rs | src/media_keys.rs | src/player/mod.rs | src/runtime.rs | src/stream/rustypipe.rs | src/ui/album.rs | src/ui/artist.rs | src/ui/home.rs | src/ui/library.rs | src/ui/player_bar.rs | src/ui/playlist.rs | src/ui/queue.rs | src/ui/rows.rs | src/ui/search.rs | src/ui/winamp/mod.rs | src/ui/winamp/playlist.rs,"Source, test, asset, or build input",d4648a10bac12e9a5c0d78baa542d5ada965d207062132edb8a93aea7a26848f
src/core/queue.rs,factory,Keep,src/core/queue.rs,src/core/mod.rs | src/core/session.rs | src/core/state.rs | src/core/update.rs | src/ui/mod.rs | src/ui/now_playing.rs | src/ui/player_bar.rs | src/ui/queue.rs | src/ui/winamp/mod.rs | src/ui/winamp/playlist.rs,"Source, test, asset, or build input",dea6b391da24c47bc95577f6c264bef043b33065dde2e1cdf7e349d46f9ea82c
src/core/session.rs,factory,Keep,src/core/session.rs,docs/plans/browse-and-autoplay.md | src/app.rs | src/core/action.rs | src/core/mod.rs | src/core/update.rs,"Source, test, asset, or build input",8bca104ebbd26361db7a2298dd1cf103f735af0c07703f39a113fb766721a841
src/core/sign_in.rs,factory,Keep,src/core/sign_in.rs,examples/browse_probe.rs | examples/cover_probe.rs | examples/discovery_integration_probe.rs | examples/oauth_history_probe.rs | examples/oauth_probe.rs | examples/write_probe.rs | src/api/mod.rs | src/api/official.rs | src/core/action.rs | src/core/mod.rs | src/core/update.rs | src/runtime.rs | src/ui/mod.rs,"Source, test, asset, or build input",847c76a93eb644b3c29404a2ee11467c4b911fb17873db1d7a27a240948869b3
src/core/state.rs,factory,Keep,src/core/state.rs,docs/audit/2026-09-08.md | src/app.rs | src/core/action.rs | src/core/discovery.rs | src/core/lyrics.rs | src/core/mod.rs | src/core/session.rs | src/core/update.rs | src/media_keys.rs | src/menu_bar.rs | src/ui/album.rs | src/ui/artist.rs | src/ui/home.rs | src/ui/library.rs | src/ui/mod.rs | src/ui/player_bar.rs | src/ui/playlist.rs | src/ui/queue.rs | src/ui/rows.rs | src/ui/search.rs | src/ui/winamp/mod.rs | src/ui/winamp/playlist.rs,"Source, test, asset, or build input",57cc94986b011b1733c533a61548b3b413f9882d7e4ac7122db350b1365b8bd7
src/core/update.rs,factory,Split behind existing module API,"src/core/update/{mod,auth,library,playback,navigation,tests}.rs",docs/audit/2026-09-08.md | examples/audit_probe.rs | examples/discovery_preview.rs | examples/skin_compat_probe.rs | src/app.rs | src/core/discovery.rs | src/core/equalizer.rs | src/core/listening_history.rs | src/core/lyrics.rs | src/core/mod.rs | src/core/session.rs | src/core/sign_in.rs | src/ui/home.rs | src/ui/now_playing.rs | src/ui/player_bar.rs | src/ui/rows.rs | src/ui/winamp/equalizer.rs,Measured or adjacent responsibility boundary. Preserve Rust module path and imports.,0d62b767fea0de9c986c855d5d57ff93255cdbfba5d31adc2761fa3fbe84a001
src/fonts.rs,factory,Keep,src/fonts.rs,examples/discovery_preview.rs | src/lib.rs | src/main.rs | src/ui/winamp/pixel_text.rs,"Source, test, asset, or build input",15621faf51cf6891dc0b5a9d1c964d713dbac51f1fe455a086d7c239e7e67106
src/lib.rs,factory,Keep,src/lib.rs,src/runtime.rs | src/ui/mod.rs,"Source, test, asset, or build input",260e27c6ae942609b6462afb1dd200175c0aa92da1fea7be991c8a4e6e377e9e
src/library_cache.rs,factory,Keep,src/library_cache.rs,docs/plans/browse-and-autoplay.md | docs/plans/library-actions.md | src/lib.rs | src/runtime.rs,"Source, test, asset, or build input",5915afacbeb6c006e64e2cc3f41213d8950257894ce27087dbd6140285ad106e
src/main.rs,factory,Keep,src/main.rs,docs/audit/2026-09-08.md | examples/auth_probe.rs | examples/browse_probe.rs | examples/chain_probe.rs | examples/cover_probe.rs | examples/discovery_integration_probe.rs | examples/library_dump.rs | examples/lyrics_probe.rs | examples/oauth_discovery_probe.rs | examples/oauth_history_probe.rs | examples/oauth_probe.rs | examples/search_dump.rs | examples/stream_probe.rs | examples/write_probe.rs,"Source, test, asset, or build input",abc558da42e1d2857f0f03bdf095170f11ec22becbfe5b8c06de7512beccabd1
src/media_keys.rs,factory,Keep,src/media_keys.rs,docs/plans/browse-and-autoplay.md | src/app.rs | src/lib.rs,"Source, test, asset, or build input",dc28806fb5828b231a1304646a4ab0810b8009a12faf87597f076c0c3aceb109
src/menu_bar.rs,factory,Keep,src/menu_bar.rs,src/app.rs | src/lib.rs,"Source, test, asset, or build input",b2fc82e1d49d7ac6cbbb439cff0406d99255ba8a86c64990b4968569fbe28c8b
src/player/equalizer.rs,factory,Keep,src/player/equalizer.rs,docs/audit/2026-09-08-equalizer.md | src/core/action.rs | src/core/effect.rs | src/core/mod.rs | src/core/session.rs | src/core/state.rs | src/player/mod.rs | src/ui/mod.rs | src/ui/now_playing.rs | src/ui/player_bar.rs | src/ui/winamp/equalizer.rs | src/ui/winamp/mod.rs,"Source, test, asset, or build input",f08f39350781c27637fcc704301219947fd534ae0b8a3daf1c36904f2a25c39e
src/player/mod.rs,factory,Keep,src/player/mod.rs,docs/plans/streaming-start.md | docs/plans/winamp-skins.md | examples/browse_probe.rs | examples/lyrics_probe.rs | examples/oauth_probe.rs | examples/skin_compat_probe.rs | examples/write_probe.rs | src/api/convert.rs | src/api/lyrics.rs | src/api/mod.rs | src/api/official.rs | src/api/search_parse.rs | src/core/action.rs | src/core/effect.rs | src/core/mod.rs | src/core/queue.rs | src/core/state.rs | src/core/update.rs | src/library_cache.rs | src/media_keys.rs | src/runtime.rs | src/stream/rustypipe.rs | src/ui/album.rs | src/ui/artist.rs | src/ui/home.rs | src/ui/library.rs | src/ui/player_bar.rs | src/ui/playlist.rs | src/ui/queue.rs | src/ui/rows.rs | src/ui/search.rs | src/ui/winamp/mod.rs | src/ui/winamp/playlist.rs,"Source, test, asset, or build input",3e0ef88e00b126eb87e087c3fbb91b9f5e7645bfbb1ac599fe7fcf7eec6c7382
src/player/source.rs,factory,Keep,src/player/source.rs,docs/plans/streaming-start.md | docs/plans/winamp-skins.md | examples/discovery_integration_probe.rs | examples/stream_probe.rs | src/player/mod.rs,"Source, test, asset, or build input",0700a3b5dd4b3c3cb48e5b2b97ddebd3fea4f51dc6bf3b76f62c8efd0a63d141
src/runtime.rs,factory,Split behind existing module API,"src/runtime/{mod,account,requests,cache,lyrics,skins}.rs",docs/audit/2026-09-08.md | docs/plans/browse-and-autoplay.md | docs/plans/library-actions.md | docs/plans/winamp-skins.md | src/app.rs | src/lib.rs | src/player/mod.rs,Measured or adjacent responsibility boundary. Preserve Rust module path and imports.,dc87f9b6e841f086bf1b6d6897912ae795bc6642188af42435d092b561577d59
src/skin/config.rs,factory,Keep,src/skin/config.rs,THIRD_PARTY.md | docs/plans/winamp-skins.md | src/skin/mod.rs,"Source, test, asset, or build input",150734ac468a7247f2947393d79052b3acd069f4bf0a36806e2ebf5fa0b18bb7
src/skin/font.rs,factory,Keep,src/skin/font.rs,THIRD_PARTY.md | docs/plans/winamp-skins.md | examples/discovery_preview.rs | src/lib.rs | src/main.rs | src/skin/mod.rs | src/ui/winamp/pixel_text.rs,"Source, test, asset, or build input",6050a30da65eca7e576d9b56418928377d123255087107f07062857d099390ef
src/skin/layout.rs,factory,Keep,src/skin/layout.rs,THIRD_PARTY.md | docs/plans/winamp-skins.md | examples/default_skin.rs | examples/skin_probe.rs | src/skin/config.rs | src/skin/mod.rs | src/ui/discovery.rs | src/ui/winamp/mod.rs | src/ui/winamp/playlist.rs | src/ui/winamp/view.rs,"Source, test, asset, or build input",65722a388052b38b3c62c3150bc27ffbd98b605d90727896b6c0a655623eae18
src/skin/mod.rs,factory,Keep,src/skin/mod.rs,THIRD_PARTY.md | docs/plans/winamp-skins.md | examples/browse_probe.rs | examples/lyrics_probe.rs | examples/oauth_probe.rs | examples/skin_compat_probe.rs | examples/write_probe.rs | src/api/convert.rs | src/api/lyrics.rs | src/api/mod.rs | src/api/official.rs | src/api/search_parse.rs | src/core/action.rs | src/core/effect.rs | src/core/mod.rs | src/core/queue.rs | src/core/state.rs | src/core/update.rs | src/library_cache.rs | src/media_keys.rs | src/player/mod.rs | src/runtime.rs | src/stream/rustypipe.rs | src/ui/album.rs | src/ui/artist.rs | src/ui/home.rs | src/ui/library.rs | src/ui/player_bar.rs | src/ui/playlist.rs | src/ui/queue.rs | src/ui/rows.rs | src/ui/search.rs | src/ui/winamp/mod.rs | src/ui/winamp/playlist.rs,"Source, test, asset, or build input",44cb2e9201a7ac1f875b5cd31e31471d1ed8e2cd165d4d832d5e257512475415
src/skin/sprites.rs,factory,Keep,src/skin/sprites.rs,THIRD_PARTY.md | docs/plans/winamp-skins.md | examples/default_skin.rs | examples/skin_probe.rs | src/skin/font.rs | src/skin/mod.rs,"Source, test, asset, or build input",eaf7d5b5ac6d0b00c7b5d82bc7b6bbbac7389d5717b679e7b02b567c2c594774
src/skin/zip.rs,factory,Keep,src/skin/zip.rs,THIRD_PARTY.md | docs/plans/winamp-skins.md | src/skin/mod.rs,"Source, test, asset, or build input",45751e64bf01e8a470dd195e06f5cff4036fcf0211368d47191debe0378d7607
src/skins_dir.rs,factory,Keep,src/skins_dir.rs,src/lib.rs | src/runtime.rs | src/ui/skin_browser.rs | src/ui/winamp/mod.rs,"Source, test, asset, or build input",588ce9561c0da4a9bab7d41b929a4efba24f7ed7c6de9700e63b7abf4172d726
src/stream/buffer.rs,factory,Keep,src/stream/buffer.rs,docs/plans/streaming-start.md | src/player/equalizer.rs | src/stream/mod.rs,"Source, test, asset, or build input",210fc4164be7bd9d0eb1019fb0393785feccb2a7bbcee608631dd47b602a973f
src/stream/disk_cache.rs,factory,Keep,src/stream/disk_cache.rs,docs/plans/streaming-start.md | examples/discovery_integration_probe.rs | src/library_cache.rs | src/stream/mod.rs,"Source, test, asset, or build input",57ab38a941d4486c5ce818836db483d80697367e317a25cc27c5ec609a51b639
src/stream/download.rs,factory,Keep,src/stream/download.rs,src/stream/mod.rs | src/stream/rustypipe.rs,"Source, test, asset, or build input",071576a22e2ad3cc707ff0a7e0d5e048bdce9add18285eb125151e9b536ac25d
src/stream/mod.rs,factory,Keep,src/stream/mod.rs,docs/plans/streaming-start.md | examples/browse_probe.rs | examples/lyrics_probe.rs | examples/oauth_probe.rs | examples/skin_compat_probe.rs | examples/write_probe.rs | src/api/convert.rs | src/api/lyrics.rs | src/api/mod.rs | src/api/official.rs | src/api/search_parse.rs | src/core/action.rs | src/core/effect.rs | src/core/mod.rs | src/core/queue.rs | src/core/state.rs | src/core/update.rs | src/library_cache.rs | src/media_keys.rs | src/player/mod.rs | src/runtime.rs | src/stream/rustypipe.rs | src/ui/album.rs | src/ui/artist.rs | src/ui/home.rs | src/ui/library.rs | src/ui/player_bar.rs | src/ui/playlist.rs | src/ui/queue.rs | src/ui/rows.rs | src/ui/search.rs | src/ui/winamp/mod.rs | src/ui/winamp/playlist.rs,"Source, test, asset, or build input",f0b1b39fd6ff52ee5db4dade105bafe3a383cef6250318497a3fbd290312cfb7
src/stream/rustypipe.rs,factory,Keep,src/stream/rustypipe.rs,src/stream/mod.rs,"Source, test, asset, or build input",b95b555c6f45d65a75f0706afafd164e6d0f3c45de72bdb8574f4bbec8191ec9
src/stream/visitor_data.rs,factory,Keep,src/stream/visitor_data.rs,src/stream/mod.rs | src/stream/ytdlp.rs,"Source, test, asset, or build input",75cf36019234f638b90febcfcbffee272d7da7ba755387314bb0de66595c1b0f
src/stream/ytdlp.rs,factory,Keep,src/stream/ytdlp.rs,src/stream/mod.rs,"Source, test, asset, or build input",7320d38991205de1e620a205180f69aba1ec37a864a4bccede34ad97d3417e3b
src/theme/default.rs,factory,Keep,src/theme/default.rs,examples/audit_probe.rs | examples/default_skin.rs | examples/discovery_preview.rs | examples/skin_compat_probe.rs | src/api/discovery.rs | src/app.rs | src/core/discovery.rs | src/core/equalizer.rs | src/core/listening_history.rs | src/core/lyrics.rs | src/core/queue.rs | src/core/session.rs | src/core/sign_in.rs | src/core/state.rs | src/core/update.rs | src/fonts.rs | src/main.rs | src/player/equalizer.rs | src/player/mod.rs | src/player/source.rs | src/runtime.rs | src/skin/config.rs | src/skin/mod.rs | src/skin/zip.rs | src/theme/mod.rs | src/ui/components.rs | src/ui/discovery.rs | src/ui/home.rs | src/ui/lyrics.rs | src/ui/mod.rs | src/ui/now_playing.rs | src/ui/player_bar.rs | src/ui/queue_edit.rs | src/ui/rows.rs | src/ui/sign_in.rs | src/ui/skin_browser.rs | src/ui/winamp/equalizer.rs | src/ui/winamp/mod.rs | src/ui/winamp/pixel_text.rs | src/ui/winamp/view.rs | src/vis.rs,"Source, test, asset, or build input",2afad92e98bbcb7aac3d31b9a4e7d54313e2a1a98d978d5a34afd4834a4f8203
src/theme/mod.rs,factory,Keep,src/theme/mod.rs,examples/browse_probe.rs | examples/lyrics_probe.rs | examples/oauth_probe.rs | examples/skin_compat_probe.rs | examples/write_probe.rs | src/api/convert.rs | src/api/lyrics.rs | src/api/mod.rs | src/api/official.rs | src/api/search_parse.rs | src/core/action.rs | src/core/effect.rs | src/core/mod.rs | src/core/queue.rs | src/core/state.rs | src/core/update.rs | src/library_cache.rs | src/media_keys.rs | src/player/mod.rs | src/runtime.rs | src/stream/rustypipe.rs | src/ui/album.rs | src/ui/artist.rs | src/ui/home.rs | src/ui/library.rs | src/ui/player_bar.rs | src/ui/playlist.rs | src/ui/queue.rs | src/ui/rows.rs | src/ui/search.rs | src/ui/winamp/mod.rs | src/ui/winamp/playlist.rs,"Source, test, asset, or build input",e319b67217d808d8df926d50a8cc6d63178fd619b1ff6944ec4555be48f39ecf
src/thumbnails.rs,factory,Keep,src/thumbnails.rs,src/api/convert.rs | src/api/mod.rs | src/api/search_parse.rs | src/lib.rs | src/ui/rows.rs,"Source, test, asset, or build input",2145ff6c8b62fcec3eab4bbe6f796e71d36675031e5989b7a25462ca68c3f697
src/ui/album.rs,factory,Keep,src/ui/album.rs,docs/plans/browse-and-autoplay.md | src/api/mod.rs | src/ui/mod.rs,"Source, test, asset, or build input",46e761ba2138f68af2b125d991ba338ba2562fc37e8fcd7ade045c7ca23391f3
src/ui/artist.rs,factory,Keep,src/ui/artist.rs,docs/plans/browse-and-autoplay.md | examples/oauth_probe.rs | src/api/mod.rs | src/ui/mod.rs,"Source, test, asset, or build input",e788de225406c7603f512ea1acd61c90897756a3bf62fba616cc23ddc841c287
src/ui/components.rs,factory,Split behind existing module API,"src/ui/components/{mod,buttons,sliders,headings,focus,tests}.rs",src/ui/album.rs | src/ui/artist.rs | src/ui/discovery.rs | src/ui/equalizer.rs | src/ui/home.rs | src/ui/library.rs | src/ui/listening_history.rs | src/ui/mod.rs | src/ui/now_playing.rs | src/ui/player_bar.rs | src/ui/search.rs | src/ui/sign_in.rs,Measured or adjacent responsibility boundary. Preserve Rust module path and imports.,9108b57a272323a75ae92334ef7cb30c4ef985ebcd6346d1535b433d25ca79a9
src/ui/discovery.rs,factory,Split behind existing module API,"src/ui/discovery/{mod,shelves,collection,tests}.rs",examples/discovery_preview.rs | src/api/mod.rs | src/api/official.rs | src/core/action.rs | src/core/effect.rs | src/core/mod.rs | src/core/state.rs | src/core/update.rs | src/library_cache.rs | src/ui/home.rs | src/ui/mod.rs,Measured or adjacent responsibility boundary. Preserve Rust module path and imports.,24d9f24f1cbc232bec691dbba0ea9db86fae009c0f85a99e417144ff6abe159e
src/ui/equalizer.rs,factory,Keep,src/ui/equalizer.rs,docs/audit/2026-09-08-equalizer.md | src/core/action.rs | src/core/effect.rs | src/core/mod.rs | src/core/session.rs | src/core/state.rs | src/player/equalizer.rs | src/player/mod.rs | src/ui/mod.rs | src/ui/now_playing.rs | src/ui/player_bar.rs | src/ui/winamp/equalizer.rs | src/ui/winamp/mod.rs,"Source, test, asset, or build input",c485ea62b7763f0b4ab1f7e81dcffbd7d71726cbdb211136050f218cdab78594
src/ui/home.rs,factory,Keep,src/ui/home.rs,examples/discovery_integration_probe.rs | src/core/discovery.rs | src/core/update.rs | src/ui/mod.rs,"Source, test, asset, or build input",6ebcccf4ffd76e8b9c20966871636f0b9a933bd7f70a0927b85cb806fbcb353f
src/ui/library.rs,factory,Keep,src/ui/library.rs,docs/audit/2026-09-08.md | src/lib.rs | src/runtime.rs | src/ui/mod.rs,"Source, test, asset, or build input",eb059350db9f6f0941cf45f86b0d56a62519db21d997d7063a0c1013ff5699af
src/ui/listening_history.rs,factory,Keep,src/ui/listening_history.rs,src/api/mod.rs | src/api/official.rs | src/core/action.rs | src/core/mod.rs | src/core/state.rs | src/ui/mod.rs,"Source, test, asset, or build input",479dd3eb91ab2207a81fd7d19201924910405820c73154785d19890930c6bd65
src/ui/lyrics.rs,factory,Keep,src/ui/lyrics.rs,examples/lyrics_probe.rs | src/api/mod.rs | src/app.rs | src/core/action.rs | src/core/mod.rs | src/core/state.rs | src/core/update.rs | src/runtime.rs | src/ui/mod.rs | src/ui/now_playing.rs,"Source, test, asset, or build input",09ad4996bcb8bb5367c23fe8083e6581f11b84a7c80e26c72d20a9d71e24cdd6
src/ui/mod.rs,factory,Keep,src/ui/mod.rs,docs/audit/2026-09-08.md | examples/browse_probe.rs | examples/lyrics_probe.rs | examples/oauth_probe.rs | examples/skin_compat_probe.rs | examples/write_probe.rs | src/api/convert.rs | src/api/lyrics.rs | src/api/mod.rs | src/api/official.rs | src/api/search_parse.rs | src/core/action.rs | src/core/effect.rs | src/core/mod.rs | src/core/queue.rs | src/core/state.rs | src/core/update.rs | src/library_cache.rs | src/media_keys.rs | src/player/mod.rs | src/runtime.rs | src/stream/rustypipe.rs | src/ui/album.rs | src/ui/artist.rs | src/ui/home.rs | src/ui/library.rs | src/ui/player_bar.rs | src/ui/playlist.rs | src/ui/queue.rs | src/ui/rows.rs | src/ui/search.rs | src/ui/winamp/mod.rs | src/ui/winamp/playlist.rs,"Source, test, asset, or build input",205b2efd9b3adc278542846df5a5592f04cc02e1fc722216e918e45b88ac3309
src/ui/now_playing.rs,factory,Keep,src/ui/now_playing.rs,src/ui/mod.rs,"Source, test, asset, or build input",8452de9e2a00de0b1cd267e45473ce3347430a87562127bc227960721128edff
src/ui/player_bar.rs,factory,Keep,src/ui/player_bar.rs,docs/audit/2026-09-08.md | docs/plans/browse-and-autoplay.md | src/ui/mod.rs,"Source, test, asset, or build input",6bd5de057827b53ccada1178edc4ae8a7461fba496975b75813478df2d13900b
src/ui/playlist.rs,factory,Keep,src/ui/playlist.rs,docs/audit/2026-09-08.md | src/api/mod.rs | src/ui/mod.rs | src/ui/winamp/mod.rs,"Source, test, asset, or build input",f3107b539b603fa168b7c58f3bb8250bb18d6629f33229191c1876fa8c009ca8
src/ui/queue.rs,factory,Keep,src/ui/queue.rs,docs/audit/2026-09-08.md | src/core/mod.rs | src/core/session.rs | src/core/state.rs | src/core/update.rs | src/ui/mod.rs | src/ui/now_playing.rs | src/ui/player_bar.rs | src/ui/winamp/mod.rs | src/ui/winamp/playlist.rs,"Source, test, asset, or build input",46d7a7ac581a29b7a80e00ffee6332981235046bcb9900d43d49dd0ada83c13e
src/ui/queue_edit.rs,factory,Keep,src/ui/queue_edit.rs,src/ui/mod.rs | src/ui/queue.rs | src/ui/winamp/playlist.rs,"Source, test, asset, or build input",38829d51a08f0b164bfeab50226409d34b855062cc9e36aa99db2c2af5c73394
src/ui/rows.rs,factory,Split behind existing module API,"src/ui/rows/{mod,list,cells,menus,tests}.rs",docs/audit/2026-09-08.md | docs/plans/browse-and-autoplay.md | src/ui/album.rs | src/ui/artist.rs | src/ui/home.rs | src/ui/library.rs | src/ui/listening_history.rs | src/ui/mod.rs | src/ui/now_playing.rs | src/ui/player_bar.rs | src/ui/playlist.rs | src/ui/search.rs,Measured or adjacent responsibility boundary. Preserve Rust module path and imports.,0dd94b033090bad7088792c5f7154dedf64075fc0f22b92fd850e2d64cf25fa0
src/ui/search.rs,factory,Keep,src/ui/search.rs,examples/search_dump.rs | src/api/mod.rs | src/ui/mod.rs,"Source, test, asset, or build input",06669c73e81da8c73057c875b668e156d5fc096abd8a24c1ef16a1580affe57f
src/ui/sign_in.rs,factory,Keep,src/ui/sign_in.rs,examples/browse_probe.rs | examples/cover_probe.rs | examples/discovery_integration_probe.rs | examples/oauth_history_probe.rs | examples/oauth_probe.rs | examples/write_probe.rs | src/api/mod.rs | src/api/official.rs | src/core/action.rs | src/core/mod.rs | src/core/update.rs | src/runtime.rs | src/ui/mod.rs,"Source, test, asset, or build input",4964982c009fa955952578f26ea2f86ae4855f794fb99a6592b8b3a239254f03
src/ui/skin_browser.rs,factory,Keep,src/ui/skin_browser.rs,src/app.rs | src/ui/mod.rs,"Source, test, asset, or build input",147e2329a01beed57937fa939aca065b7f89b1b78219b4bd2eeb501df9903bd8
src/ui/winamp/equalizer.rs,factory,Keep,src/ui/winamp/equalizer.rs,docs/audit/2026-09-08-equalizer.md | src/core/action.rs | src/core/effect.rs | src/core/mod.rs | src/core/session.rs | src/core/state.rs | src/player/equalizer.rs | src/player/mod.rs | src/ui/mod.rs | src/ui/now_playing.rs | src/ui/player_bar.rs | src/ui/winamp/mod.rs,"Source, test, asset, or build input",95e25731c530e895fa9620861b9f64fafaf5e5ba538f54289c6a25baee9cf5b9
src/ui/winamp/mod.rs,factory,Split behind existing module API,"src/ui/winamp/{mod,shell,display,transport,menus}.rs",THIRD_PARTY.md | docs/audit/2026-09-08.md | docs/plans/winamp-skins.md | examples/browse_probe.rs | examples/lyrics_probe.rs | examples/oauth_probe.rs | examples/skin_compat_probe.rs | examples/write_probe.rs | src/api/convert.rs | src/api/lyrics.rs | src/api/mod.rs | src/api/official.rs | src/api/search_parse.rs | src/core/action.rs | src/core/effect.rs | src/core/mod.rs | src/core/queue.rs | src/core/state.rs | src/core/update.rs | src/library_cache.rs | src/media_keys.rs | src/player/mod.rs | src/runtime.rs | src/stream/rustypipe.rs | src/ui/album.rs | src/ui/artist.rs | src/ui/home.rs | src/ui/library.rs | src/ui/player_bar.rs | src/ui/playlist.rs | src/ui/queue.rs | src/ui/rows.rs | src/ui/search.rs | src/ui/winamp/playlist.rs | src/ui/winamp/view.rs,Measured or adjacent responsibility boundary. Preserve Rust module path and imports.,6a61d4f0f55fd2a6363534bd7cb8dbb67c3c91aafba1484061ad06d031bccf17
src/ui/winamp/pixel_text.rs,factory,Keep,src/ui/winamp/pixel_text.rs,Cargo.toml | THIRD_PARTY.md | docs/audit/2026-09-08.md | src/ui/winamp/mod.rs | src/ui/winamp/playlist.rs,"Source, test, asset, or build input",70c99390e63a2862353180b2d85e86d42b1aaf7175cbe87a8a8a2e4c4ae75948
src/ui/winamp/playlist.rs,factory,Keep,src/ui/winamp/playlist.rs,THIRD_PARTY.md | docs/plans/winamp-skins.md | src/api/mod.rs | src/ui/mod.rs | src/ui/winamp/mod.rs,"Source, test, asset, or build input",e60de9ddc7d706f5fe9c84fc59bf3f7268ae0c53508368894f96b6a63188beeb
src/ui/winamp/view.rs,factory,Keep,src/ui/winamp/view.rs,THIRD_PARTY.md | docs/audit/2026-09-08.md | examples/audit_probe.rs | examples/discovery_preview.rs | src/app.rs | src/ui/home.rs | src/ui/mod.rs | src/ui/now_playing.rs | src/ui/rows.rs | src/ui/sign_in.rs | src/ui/winamp/mod.rs,"Source, test, asset, or build input",1076ef5c936a13a7e39d8007a98b55e6a85445f6f0ab8a2ae55016ff94a63db6
src/vis.rs,factory,Keep,src/vis.rs,THIRD_PARTY.md | docs/plans/winamp-skins.md | src/lib.rs | src/player/source.rs | src/stream/mod.rs | src/stream/ytdlp.rs | src/ui/winamp/mod.rs,"Source, test, asset, or build input",a5d20cfb64c914528d2d684b87d90532aa65fae9e692eb2261ea68c35dae7c9e
tests/fixtures/search_albums_coldplay.json,factory,Keep,tests/fixtures/search_albums_coldplay.json,,"Source, test, asset, or build input",5cfa097e5b40f77ccaabb769326ee89d815263b804ec26a00fde90bf406ec0a7
tests/fixtures/search_albums_harry_potter_audiobook.json,factory,Keep,tests/fixtures/search_albums_harry_potter_audiobook.json,,"Source, test, asset, or build input",3df28fe5e86a97a11b86d1d6e614035cf135025a67e6a710bfbcd9557216f690
tests/fixtures/search_artists_coldplay.json,factory,Keep,tests/fixtures/search_artists_coldplay.json,,"Source, test, asset, or build input",f73eabe678a91db22001188829f6d68ef3df5f65c0f8e94acef050da692d23ed
tests/fixtures/search_artists_harry_potter_audiobook.json,factory,Keep,tests/fixtures/search_artists_harry_potter_audiobook.json,,"Source, test, asset, or build input",cecdf4469cb880e19244eaadfbd601b20ab71a1d2e4fc7bb8c4bd39d3a04f239
tests/fixtures/search_songs_broken_row.json,factory,Keep,tests/fixtures/search_songs_broken_row.json,,"Source, test, asset, or build input",4d92f5dcbb03c7b3197b1007976bc2b19c5f2dbab4021d9dfc8df757fe0b495a
tests/fixtures/search_songs_coldplay.json,factory,Keep,tests/fixtures/search_songs_coldplay.json,,"Source, test, asset, or build input",9aec019a6862040e91c2789605e70eee68f1b3489821b957d95c6b7bf8d27485
tests/fixtures/search_songs_harry_potter_audiobook.json,factory,Keep,tests/fixtures/search_songs_harry_potter_audiobook.json,,"Source, test, asset, or build input",66cd27af51fed3218ea1e4079c42931819fab0f7698ed289c1aa2652b14d2456
